<?xml version="1.0" encoding="UTF-8"?>

<things>
  <thing>
    <name>Куртка</name>
    <type>Верхняя одежда</type>
    <temp down="0" up="10"></temp>
  </thing>
  <thing>
    <name>Ботинки</name>
    <type>Обувь</type>
    <temp down="-5" up="5"></temp>
  </thing>
  <thing>
    <name>Худи</name>
    <type>Верхняя одежда</type>
    <temp down="5" up="15"></temp>
  </thing>
  <thing>
    <name>Кроссовки</name>
    <type>Обувь</type>
    <temp down="5" up="25"></temp>
  </thing>
  <thing>
    <name>Дубленка</name>
    <type>Верхняя одежда</type>
    <temp down="-10" up="0"></temp>
  </thing>
</things>
